ts,proc,mib
21:17:13,explorer,180
21:17:13,UnrealEditor,3956
21:17:13,steamwebhelper,278
21:17:13,msedgewebview2,225
21:17:13,dwm,725
21:17:13,DeadByDaylight-Win64-Shipping,1960
21:17:20,explorer,180
21:17:20,UnrealEditor,3948
21:17:20,steamwebhelper,278
21:17:20,msedgewebview2,225
21:17:20,dwm,725
21:17:20,DeadByDaylight-Win64-Shipping,1960
21:17:26,explorer,180
21:17:26,UnrealEditor,3956
21:17:26,steamwebhelper,278
21:17:26,msedgewebview2,225
21:17:26,dwm,725
21:17:26,DeadByDaylight-Win64-Shipping,1960
21:17:32,explorer,180
21:17:32,UnrealEditor,3956
21:17:32,steamwebhelper,278
21:17:32,msedgewebview2,225
21:17:32,dwm,725
21:17:32,DeadByDaylight-Win64-Shipping,1960
21:17:38,explorer,180
21:17:38,UnrealEditor,3956
21:17:38,steamwebhelper,278
21:17:38,msedgewebview2,225
21:17:38,dwm,725
21:17:38,DeadByDaylight-Win64-Shipping,1960
21:17:44,explorer,180
21:17:44,UnrealEditor,3956
21:17:44,steamwebhelper,278
21:17:44,msedgewebview2,225
21:17:44,dwm,725
21:17:44,DeadByDaylight-Win64-Shipping,1960
21:17:50,explorer,180
21:17:50,UnrealEditor,3956
21:17:50,steamwebhelper,278
21:17:50,msedgewebview2,225
21:17:50,dwm,725
21:17:50,DeadByDaylight-Win64-Shipping,1960
21:17:56,explorer,180
21:17:56,UnrealEditor,3957
21:17:56,steamwebhelper,278
21:17:56,msedgewebview2,225
21:17:56,dwm,725
21:17:56,DeadByDaylight-Win64-Shipping,1960
21:18:02,explorer,180
21:18:02,UnrealEditor,3957
21:18:02,steamwebhelper,278
21:18:02,msedgewebview2,225
21:18:02,dwm,725
21:18:02,DeadByDaylight-Win64-Shipping,1960
21:18:09,explorer,180
21:18:09,UnrealEditor,3957
21:18:09,steamwebhelper,278
21:18:09,msedgewebview2,225
21:18:09,dwm,725
21:18:09,DeadByDaylight-Win64-Shipping,1960
21:18:15,explorer,180
21:18:15,UnrealEditor,3957
21:18:15,steamwebhelper,278
21:18:15,msedgewebview2,225
21:18:15,dwm,725
21:18:15,DeadByDaylight-Win64-Shipping,1960
21:18:21,explorer,180
21:18:21,UnrealEditor,3957
21:18:21,steamwebhelper,278
21:18:21,msedgewebview2,225
21:18:21,dwm,726
21:18:21,DeadByDaylight-Win64-Shipping,1960
21:18:27,explorer,180
21:18:27,UnrealEditor,3957
21:18:27,steamwebhelper,278
21:18:27,msedgewebview2,225
21:18:27,dwm,726
21:18:27,DeadByDaylight-Win64-Shipping,1960
21:18:33,explorer,180
21:18:33,UnrealEditor,3957
21:18:33,steamwebhelper,278
21:18:33,msedgewebview2,225
21:18:33,dwm,726
21:18:33,DeadByDaylight-Win64-Shipping,1960
21:18:39,explorer,180
21:18:39,UnrealEditor,3957
21:18:39,steamwebhelper,278
21:18:39,msedgewebview2,225
21:18:39,dwm,726
21:18:39,DeadByDaylight-Win64-Shipping,1960
21:18:45,explorer,180
21:18:45,UnrealEditor,3957
21:18:45,steamwebhelper,278
21:18:45,msedgewebview2,225
21:18:45,dwm,726
21:18:45,DeadByDaylight-Win64-Shipping,1960
21:18:51,explorer,180
21:18:51,UnrealEditor,3957
21:18:51,steamwebhelper,278
21:18:51,msedgewebview2,225
21:18:51,dwm,726
21:18:51,DeadByDaylight-Win64-Shipping,1960
21:18:58,explorer,180
21:18:58,UnrealEditor,3957
21:18:58,steamwebhelper,278
21:18:58,msedgewebview2,225
21:18:58,dwm,726
21:18:58,DeadByDaylight-Win64-Shipping,1960
21:19:04,explorer,180
21:19:04,UnrealEditor,3957
21:19:04,steamwebhelper,278
21:19:04,msedgewebview2,225
21:19:04,dwm,726
21:19:04,DeadByDaylight-Win64-Shipping,1960
21:19:10,explorer,180
21:19:10,UnrealEditor,3957
21:19:10,steamwebhelper,278
21:19:10,msedgewebview2,225
21:19:10,dwm,726
21:19:10,DeadByDaylight-Win64-Shipping,1960
21:19:16,explorer,180
21:19:16,UnrealEditor,3957
21:19:16,steamwebhelper,278
21:19:16,msedgewebview2,225
21:19:16,dwm,726
21:19:16,DeadByDaylight-Win64-Shipping,1960
21:19:22,explorer,180
21:19:22,UnrealEditor,3958
21:19:22,steamwebhelper,278
21:19:22,msedgewebview2,225
21:19:22,dwm,726
21:19:22,DeadByDaylight-Win64-Shipping,1960
21:19:28,explorer,180
21:19:28,UnrealEditor,3958
21:19:28,steamwebhelper,278
21:19:28,msedgewebview2,225
21:19:28,dwm,726
21:19:28,DeadByDaylight-Win64-Shipping,1960
21:19:34,explorer,180
21:19:34,UnrealEditor,3958
21:19:34,steamwebhelper,278
21:19:34,msedgewebview2,225
21:19:34,dwm,726
21:19:34,DeadByDaylight-Win64-Shipping,1960
21:19:41,explorer,180
21:19:41,UnrealEditor,3958
21:19:41,steamwebhelper,278
21:19:41,msedgewebview2,225
21:19:41,dwm,726
21:19:41,DeadByDaylight-Win64-Shipping,1960
21:19:47,explorer,180
21:19:47,UnrealEditor,3958
21:19:47,steamwebhelper,278
21:19:47,msedgewebview2,225
21:19:47,dwm,727
21:19:47,DeadByDaylight-Win64-Shipping,1960
21:19:53,explorer,180
21:19:53,UnrealEditor,3958
21:19:53,steamwebhelper,278
21:19:53,msedgewebview2,225
21:19:53,dwm,727
21:19:53,DeadByDaylight-Win64-Shipping,1960
21:19:59,explorer,180
21:19:59,UnrealEditor,3958
21:19:59,steamwebhelper,278
21:19:59,msedgewebview2,225
21:19:59,dwm,727
21:19:59,DeadByDaylight-Win64-Shipping,1960
21:20:05,explorer,180
21:20:05,UnrealEditor,3958
21:20:05,steamwebhelper,278
21:20:05,msedgewebview2,225
21:20:05,dwm,727
21:20:05,DeadByDaylight-Win64-Shipping,1960
21:20:11,explorer,180
21:20:11,UnrealEditor,3958
21:20:11,steamwebhelper,278
21:20:11,msedgewebview2,225
21:20:11,dwm,727
21:20:11,DeadByDaylight-Win64-Shipping,1960
21:20:17,explorer,180
21:20:17,UnrealEditor,3958
21:20:17,steamwebhelper,278
21:20:17,msedgewebview2,225
21:20:17,dwm,727
21:20:17,DeadByDaylight-Win64-Shipping,1960
21:20:23,explorer,180
21:20:23,UnrealEditor,3958
21:20:23,steamwebhelper,278
21:20:24,msedgewebview2,225
21:20:24,dwm,727
21:20:24,DeadByDaylight-Win64-Shipping,1960
21:20:30,explorer,180
21:20:30,UnrealEditor,3958
21:20:30,steamwebhelper,278
21:20:30,msedgewebview2,225
21:20:30,dwm,727
21:20:30,DeadByDaylight-Win64-Shipping,1960
21:20:36,explorer,180
21:20:36,UnrealEditor,3958
21:20:36,steamwebhelper,278
21:20:36,msedgewebview2,225
21:20:36,dwm,727
21:20:36,DeadByDaylight-Win64-Shipping,1960
21:20:42,explorer,180
21:20:42,UnrealEditor,3958
21:20:42,steamwebhelper,278
21:20:42,msedgewebview2,225
21:20:42,dwm,727
21:20:42,DeadByDaylight-Win64-Shipping,1960
21:20:48,explorer,180
21:20:48,UnrealEditor,3958
21:20:48,steamwebhelper,278
21:20:48,msedgewebview2,225
21:20:48,dwm,727
21:20:48,DeadByDaylight-Win64-Shipping,1960
21:20:54,explorer,180
21:20:54,UnrealEditor,3958
21:20:54,steamwebhelper,278
21:20:54,msedgewebview2,225
21:20:54,dwm,727
21:20:54,DeadByDaylight-Win64-Shipping,1960
21:21:00,explorer,180
21:21:00,UnrealEditor,3958
21:21:00,steamwebhelper,278
21:21:00,msedgewebview2,225
21:21:00,dwm,727
21:21:00,DeadByDaylight-Win64-Shipping,1960
21:21:06,explorer,180
21:21:06,UnrealEditor,3958
21:21:06,steamwebhelper,278
21:21:06,msedgewebview2,225
21:21:06,dwm,727
21:21:06,DeadByDaylight-Win64-Shipping,1960
21:21:13,explorer,180
21:21:13,UnrealEditor,3958
21:21:13,steamwebhelper,278
21:21:13,msedgewebview2,225
21:21:13,dwm,727
21:21:13,DeadByDaylight-Win64-Shipping,1960
21:21:19,explorer,180
21:21:19,UnrealEditor,3958
21:21:19,steamwebhelper,278
21:21:19,msedgewebview2,225
21:21:19,dwm,727
21:21:19,DeadByDaylight-Win64-Shipping,1960
21:21:25,explorer,180
21:21:25,UnrealEditor,3958
21:21:25,steamwebhelper,278
21:21:25,msedgewebview2,225
21:21:25,dwm,727
21:21:25,DeadByDaylight-Win64-Shipping,1960
21:21:31,explorer,180
21:21:31,UnrealEditor,3958
21:21:31,steamwebhelper,278
21:21:31,msedgewebview2,225
21:21:31,dwm,727
21:21:31,DeadByDaylight-Win64-Shipping,1960
21:21:37,explorer,180
21:21:37,UnrealEditor,3958
21:21:37,steamwebhelper,278
21:21:37,msedgewebview2,225
21:21:37,dwm,727
21:21:37,DeadByDaylight-Win64-Shipping,1960
21:21:43,explorer,180
21:21:43,UnrealEditor,3958
21:21:43,steamwebhelper,278
21:21:43,msedgewebview2,225
21:21:43,dwm,727
21:21:43,DeadByDaylight-Win64-Shipping,1960
21:21:49,explorer,180
21:21:49,UnrealEditor,3958
21:21:49,steamwebhelper,278
21:21:49,msedgewebview2,225
21:21:49,dwm,727
21:21:49,DeadByDaylight-Win64-Shipping,1960
21:21:55,explorer,180
21:21:55,UnrealEditor,3958
21:21:55,steamwebhelper,278
21:21:55,msedgewebview2,225
21:21:55,dwm,727
21:21:55,DeadByDaylight-Win64-Shipping,1960
21:22:02,explorer,180
21:22:02,UnrealEditor,3958
21:22:02,steamwebhelper,278
21:22:02,msedgewebview2,225
21:22:02,dwm,741
21:22:02,DeadByDaylight-Win64-Shipping,1960
21:22:08,explorer,180
21:22:08,UnrealEditor,3958
21:22:08,steamwebhelper,278
21:22:08,msedgewebview2,225
21:22:08,dwm,741
21:22:08,DeadByDaylight-Win64-Shipping,1960
21:22:14,explorer,180
21:22:14,UnrealEditor,3958
21:22:14,steamwebhelper,278
21:22:14,msedgewebview2,225
21:22:14,dwm,741
21:22:14,DeadByDaylight-Win64-Shipping,1960
21:22:20,explorer,180
21:22:20,UnrealEditor,3958
21:22:20,steamwebhelper,278
21:22:20,msedgewebview2,225
21:22:20,dwm,741
21:22:20,DeadByDaylight-Win64-Shipping,1960
21:22:26,explorer,180
21:22:26,UnrealEditor,3958
21:22:26,steamwebhelper,278
21:22:26,msedgewebview2,225
21:22:26,dwm,741
21:22:26,DeadByDaylight-Win64-Shipping,1960
21:22:32,explorer,180
21:22:32,UnrealEditor,3958
21:22:32,steamwebhelper,278
21:22:32,msedgewebview2,225
21:22:32,dwm,673
21:22:38,explorer,180
21:22:38,UnrealEditor,3958
21:22:38,steamwebhelper,278
21:22:38,msedgewebview2,225
21:22:38,dwm,673
21:22:44,explorer,180
21:22:44,UnrealEditor,3958
21:22:44,steamwebhelper,278
21:22:44,msedgewebview2,225
21:22:44,dwm,673
21:22:50,explorer,180
21:22:50,UnrealEditor,3958
21:22:50,steamwebhelper,278
21:22:50,msedgewebview2,225
21:22:50,dwm,673
21:22:56,explorer,180
21:22:56,UnrealEditor,3958
21:22:56,steamwebhelper,278
21:22:56,msedgewebview2,225
21:22:56,dwm,673
21:23:02,explorer,180
21:23:02,UnrealEditor,3958
21:23:02,steamwebhelper,278
21:23:02,msedgewebview2,225
21:23:02,dwm,674
